Operator,Status,Well Type,Work Type,Directional Status,Multi-Lateral,Mineral Owner,Surface Owner,Surface Location,GL Elevation,KB Elevation,DF Elevation,Single/Multiple Completion,Potash Waiver,Spud Date,Last Inspection,TVD,API,Latitude,Longitude,CRS
UNION OIL CO OF CALIFORNIA,"Plugged, Site Released",Injection,New,,No,,Private,A-07-15S-31E 990 FNL 450 FEL,,,,,No,01/01/1900,,3150,3000500586,33.0349884,-103.854126,NAD83
"CELERO ENERGY II, LP","Plugged, Site Released",Injection,New,Vertical,No,Federal,Private,D-25-13S-31E 660 FNL 660 FWL,,,,Single,No,,06/03/2009,3059,3000500863,33.1666946,-103.7814941,NAD83
PRE-ONGARD WELL OPERATOR,"Plugged, Site Released",Oil,New,,No,Federal,Private,E-03-24S-26E 1980 FNL 660 FWL,,,,,No,01/01/1900,,0,3001521782,32.2480164,-104.2874985,NAD83
SAMUEL DALE HUGHES DBA HUGHES DRILLING CO.,Active,Oil,New,Vertical,No,State,State,C-22-17S-28E 975 FNL 2270 FWL,,,,Single,No,12/17/1984,05/14/2020,810,3001525115,32.8244934,-104.1647949,NAD83
CANTRO EXPLORATION INC,"Plugged, Site Released",Oil,New,Vertical,No,Federal,Federal,C-28-19S-31E 330 FNL 1650 FWL,,,,Single,No,,,99999,3001525325,32.637764,-103.8775024,NAD83
K&M RESOURCES LLC,Active,Oil,New,Vertical,No,Federal,Federal,E-31-16S-30E Lot: 2 2215 FNL 330 FWL,,,,Single,No,07/26/1985,09/22/2020,99999,3001525327,32.8793526,-104.0185852,NAD83
"BEPCO, LP","Plugged, Site Released",Oil,New,Vertical,No,Federal,Federal,P-03-22S-28E 230 FSL 1090 FEL,,,,Single,No,,01/05/2006,99999,3001525330,32.4154167,-104.0703049,NAD83
"CHESAPEAKE OPERATING, INC.","Plugged, Site Released",Oil,New,Vertical,No,Federal,Federal,O-01-21S-27E 660 FSL 1980 FEL,3196,,,Single,No,08/27/1985,02/23/2010,5700,3001525343,32.5039024,-104.1409073,NAD83
EOG RESOURCES INC,"Plugged, Site Released",Gas,New,Vertical,No,Federal,Private,P-29-19S-24E 660 FSL 660 FEL,,,,Single,No,09/17/1985,05/09/2022,7680,3001525367,32.6265564,-104.60392,NAD83
EOG RESOURCES INC,"Plugged, Site Released",Gas,New,Vertical,No,Federal,Federal,N-12-19S-23E 660 FSL 1980 FWL,3887,,,Single,No,09/30/1985,08/12/2022,8565,3001525404,32.6698723,-104.6471405,NAD83
"DEVON ENERGY PRODUCTION COMPANY, LP","Plugged, Site Released",Salt Water Disposal,Re-entry,Vertical,No,Federal,Federal,H-11-23S-31E 2180 FNL 660 FEL,3515,,,Single,No,06/28/2003,08/19/2021,9104,3001525419,32.3201141,-103.7421951,NAD83
C&D MANAGEMENT COMPANY DBA FREEDOM VENTURES,"Plugged, Site Released",Oil,New,Vertical,No,Federal,Federal,P-12-17S-27E 660 FSL 660 FEL,3501,,,Single,No,,04/14/2009,1822,3001525437,32.8431244,-104.2260284,NAD83
SEP Legacy LLC,Active,Oil,New,Vertical,No,Federal,Federal,L-11-17S-29E 1345 FSL 990 FWL,,,,Single,No,12/26/1986,08/12/2020,4517,3001525464,32.8456001,-104.0508423,NAD83
COG OPERATING LLC,"Plugged, Site Released",Oil,New,Vertical,No,State,Private,A-34-17S-28E 965 FNL 330 FEL,3565,,,Single,No,11/20/1985,12/18/2019,3030,3001525471,32.7958832,-104.1565781,NAD83
PRE-ONGARD WELL OPERATOR,"Plugged, Site Released",Oil,New,,No,State,Private,P-06-18S-28E 660 FSL 330 FEL,,,,,No,01/01/1900,,0,3001525503,32.7707787,-104.2073212,NAD83
"Acacia Operating Company, LLC",Active,Oil,New,Vertical,No,Federal,Federal,E-22-19S-31E 1980 FNL 510 FWL,,,,Single,No,12/31/1985,02/03/2021,2403,3001525507,32.6477737,-103.8640671,NAD83
PRE-ONGARD WELL OPERATOR,Cancelled Apd,Oil,New,,No,,Federal,D-34-26S-30E 660 FNL 660 FWL,,,,,No,,,0,3001525549,32.004238424514,-103.875541879672,NAD83
OXY USA WTP LIMITED PARTNERSHIP,"Plugged, Site Released",Gas,New,Vertical,No,Federal,Federal,L-25-24S-29E 1980 FSL 760 FWL,3080,,,Single,No,03/23/1986,02/23/2018,13090,3001525593,32.1866188,-103.9442749,NAD83
"NSP Resources, LLC",Active,Oil,New,Vertical,No,Federal,Federal,I-04-18S-31E 2130 FSL 710 FEL,,,,Single,No,08/20/1986,10/22/2020,8540,3001525612,32.7751732,-103.868309,NAD83
PRE-ONGARD WELL OPERATOR,"Plugged, Site Released",Oil,New,,No,State,State,M-19-16S-29E 230 FSL 330 FWL,,,,,No,01/01/1900,,0,3001525614,32.9006767,-104.1202087,NAD83
PRE-ONGARD WELL OPERATOR,"Plugged, Site Released",Oil,New,,No,Federal,Federal,M-24-18S-31E 990 FSL 990 FWL,,,,,No,01/01/1900,,0,3001525629,32.7285576,-103.8283691,NAD83
PRE-ONGARD WELL OPERATOR,Cancelled Apd,Oil,New,,No,,Federal,B-29-16S-29E 330 FNL 1980 FEL,,,,,No,,,0,3001525632,32.8991122943336,-104.094924301814,NAD83
SELLERS&FULTON OIL LLC,Reclamation Fund Approved,Oil,New,Vertical,No,Federal,Federal,O-07-17S-29E 560 FSL 1680 FEL,3677,,,Single,No,11/27/1986,07/10/2020,2552,3001525692,32.8434639,-104.1111145,NAD83
"BTA OIL PRODUCERS, LLC",Active,Gas,New,Vertical,No,Federal,Federal,I-35-23S-24E 1980 FSL 660 FEL,,,,Single,No,12/18/1986,09/02/2022,99999,3001525702,32.2587395,-104.4627075,NAD83
CIMAREX ENERGY CO. OF COLORADO,"Plugged, Site Released",Gas,New,,No,Federal,Federal,B-03-19S-30E Lot: 2 760 FNL 2080 FEL,,,,Single,No,,04/07/2010,11250,3001525718,32.6946297,-103.9580307,NAD83
CIMAREX ENERGY CO. OF COLORADO,"Plugged, Site Released",Oil,New,Vertical,No,Federal,Federal,E-27-26S-29E 1650 FNL 990 FWL,,,,Single,No,,01/09/2014,5073,3001525720,32.0162659,-103.9775238,NAD83
PRE-ONGARD WELL OPERATOR,"Plugged, Site Released",Oil,New,,No,Federal,Federal,G-15-22S-25E 2080 FNL 1980 FEL,,,,,No,01/01/1900,,0,3001525761,32.3932533,-104.3819427,NAD83
EL RAN INC,"Plugged, Site Released",Oil,New,Vertical,No,State,State,O-16-19S-31E 660 FSL 1980 FWL,3490,,,Single,No,,06/06/2003,99999,3001525775,32.655014,-103.8764877,NAD83
BEACH EXPLORATION INC,Active,Injection,New,Vertical,No,Federal,Federal,K-17-16S-29E 2310 FSL 1950 FWL,3642,,,Single,No,08/14/1987,03/19/2024,1813,3001525788,32.9208717,-104.0992813,NAD83
Spur Energy Partners LLC,"Plugged, Site Released",Injection,New,Vertical,No,Federal,Federal,D-14-17S-29E 125 FNL 25 FWL,,,,Single,No,09/13/1987,05/09/2022,4496,3001525790,32.8415642,-104.053978,NAD83
Extex Operating Company,Active,Oil,New,Vertical,No,Federal,Federal,K-11-18S-31E 1980 FSL 1980 FWL,3736,,,Single,No,11/16/1987,10/23/2020,9522,3001525825,32.7602692,-103.8423615,NAD83
PRE-ONGARD WELL OPERATOR,"Plugged, Site Released",Oil,New,,No,State,State,N-12-19S-27E 973 FSL 2258 FWL,,,,,No,01/01/1900,,0,3001525862,32.6702385,-104.233696,NAD83
SPECIAL ENERGY CORP,Active,Oil,New,Vertical,No,State,State,I-06-18S-31E 1980 FSL 940 FEL,,,,Single,No,03/17/1988,09/08/2022,8450,3001525868,32.7747345,-103.9034119,NAD83
MACK ENERGY CORP,"Plugged, Site Released",Oil,New,Vertical,No,Federal,Federal,E-06-16S-31E Lot: 13 2970 FSL 635 FWL,3969,,,Single,No,,,99999,3001525884,32.9515953,-103.9146423,NAD83
SPECIAL ENERGY CORP,Active,Oil,New,Vertical,No,Federal,Federal,H-06-18S-31E 1980 FNL 990 FEL,,,,Single,No,05/30/1988,09/08/2022,8380,3001525917,32.7783661,-103.9035797,NAD83
CANYON E & P COMPANY,Reclamation Fund Approved,Oil,New,Vertical,No,Federal,Federal,O-04-16S-31E 330 FSL 1650 FEL,4216,,,Single,No,08/04/1988,11/21/2023,3670,3001525943,32.9444923,-103.8715591,NAD83
SAMSON RESOURCES CO,"Plugged, Site Released",Oil,New,Vertical,No,Federal,Federal,F-19-22S-26E 1550 FNL 1980 FWL,3409,,,Single,No,,,99999,3001525952,32.3802795,-104.3342438,NAD83
PRE-ONGARD WELL OPERATOR,"Plugged, Site Released",Oil,New,,No,State,State,N-36-17S-30E 660 FSL 1980 FWL,,,,,No,01/01/1900,,0,3001525961,32.7856064,-103.9275894,NAD83
PRE-ONGARD WELL OPERATOR,Cancelled Apd,Oil,New,,No,,Federal,O-14-18S-31E 510 FSL 2080 FEL,,,,,No,,,0,3001525963,32.7417255173066,-103.838400549265,NAD83
"BTA OIL PRODUCERS, LLC",Active,Gas,Plugback,Vertical,No,Private,Private,L-11-23S-28E 2310 FSL 660 FWL,2988,,,Single,No,08/27/1988,05/10/2023,99999,3001525964,32.3191032,-104.0643768,NAD83
"Acacia Operating Company, LLC","Plugged, Not Released",Oil,New,Vertical,No,State,State,F-36-17S-27E 1980 FNL 2310 FWL,3616,3623,3622,Single,No,10/10/1988,03/05/2026,99999,3001525969,32.7923622,-104.2332993,NAD83
PRE-ONGARD WELL OPERATOR,Cancelled Apd,Oil,New,,No,,Federal,L-14-18S-31E 2080 FSL 760 FWL,,,,,No,,,0,3001526003,32.7460298734879,-103.846302167424,NAD83
PRIMERO OPERATING INC,"Plugged, Site Released",Oil,New,Vertical,No,Federal,Federal,G-20-16S-31E 1980 FNL 1980 FEL,,,,Single,No,,07/15/2008,99999,3001526004,32.9089737,-103.8899002,NAD83
"LH Operating, LLC",Active,Oil,New,Vertical,No,Federal,Federal,A-03-17S-31E Lot: 1 660 FNL 330 FEL,3990,,,Single,No,11/22/1988,05/03/2018,4090,3001526015,32.8690224,-103.8501205,NAD83
"BXP Operating, LLC",Active,Oil,New,Vertical,No,Federal,Federal,L-35-19S-29E 1980 FSL 760 FWL,3319,,,Single,No,11/30/1988,03/19/2021,5000,3001526029,32.6152954,-104.0516891,NAD83
"HARVARD PETROLEUM COMPANY, LLC","Plugged, Site Released",Oil,New,Vertical,No,State,State,N-12-19S-27E 990 FSL 1650 FWL,,,,Single,No,02/02/1989,10/09/2024,99999,3001526058,32.670311,-104.235672,NAD83
"HARVARD PETROLEUM COMPANY, LLC",Active,Oil,New,Vertical,No,State,State,N-12-19S-27E 330 FSL 1650 FWL,,,,Single,No,11/11/1989,05/22/2023,99999,3001526059,32.668499,-104.2356873,NAD83
"LH Operating, LLC",Active,Oil,New,Vertical,No,Federal,Federal,A-05-17S-31E Lot: 1 660 FNL 660 FEL,3981,,,Single,No,01/31/1989,06/11/2020,3916,3001526061,32.8689575,-103.8856354,NAD83
"Saguaro Petroleum, LLC",Active,Oil,New,Vertical,No,Federal,Federal,K-25-17S-31E 2130 FSL 1650 FWL,3877,,,Single,No,11/10/1993,08/22/2022,4100,3001526067,32.8042297,-103.8263245,NAD83
PRE-ONGARD WELL OPERATOR,"Plugged, Site Released",Oil,New,,No,Federal,Federal,L-17-18S-27E 2095 FSL 922 FWL,,,,,No,01/01/1900,,0,3001526080,32.7462273,-104.3062592,NAD83
"G and C Operating, LLC",Active,Oil,New,Vertical,No,State,State,P-02-19S-29E 990 FSL 990 FEL,,,,Single,No,04/25/1989,07/22/2024,99999,3001526104,32.6850204,-104.040123,NAD83
"MAVERICK OPERATING, LLC",Active,Oil,New,Vertical,No,Federal,Federal,I-28-24S-31E 1980 FSL 810 FEL,,,,Single,No,05/03/1989,05/13/2026,99999,3001526109,32.1864662,-103.7768021,NAD83
"EOG Y RESOURCES, INC.","Plugged, Site Released",Oil,New,Vertical,No,State,State,F-02-20S-24E 1980 FNL 1980 FWL,3658,,,Single,No,,04/24/2012,9506,3001526115,32.6046829,-104.5609894,NAD83
PRE-ONGARD WELL OPERATOR,"Plugged, Site Released",Oil,New,,No,State,State,M-36-17S-26E 660 FSL 660 FWL,,,,,No,01/01/1900,,0,3001526149,32.7861595,-104.3414612,NAD83
MATADOR PRODUCTION COMPANY,Active,Oil,New,Vertical,No,Federal,Federal,I-13-18S-31E 1650 FSL 660 FEL,3727,,,Single,No,07/19/1989,11/13/2020,5547,3001526150,32.7448997,-103.8165817,NAD83
PRE-ONGARD WELL OPERATOR,"Plugged, Site Released",Oil,New,,No,,Private,O-29-22S-26E 990 FSL 1980 FEL,,,,,No,01/01/1900,,0,3001526156,32.3586922,-104.3131256,NAD83
Spur Energy Partners LLC,Active,Oil,New,Vertical,No,Federal,Federal,C-17-17S-31E 330 FNL 1650 FWL,,,,Single,No,01/01/1990,06/16/2020,6035,3001526187,32.8408699,-103.8952179,NAD83
"RAYBAW Operating, LLC","Plugged, Not Released",Gas,Re-entry,Vertical,No,State,State,N-36-23S-23E Lot: 3 990 FSL 1880 FWL,4334,,,Single,No,12/31/1996,04/16/2025,10850,3001526205,32.2557869,-104.5564041,NAD83
PRE-ONGARD WELL OPERATOR,Cancelled Apd,Oil,New,,No,,Federal,J-10-17S-31E 2130 FSL 1980 FEL,,,,,No,,,0,3001526208,32.8476972122972,-103.8554670813,NAD83
PRE-ONGARD WELL OPERATOR,"Plugged, Site Released",Oil,New,,No,Federal,Federal,F-06-19S-27E 1980 FNL 1980 FWL,,,,,No,01/01/1900,,0,3001526228,32.691452,-104.3204041,NAD83
"G and C Operating, LLC",Active,Oil,New,Vertical,No,State,State,E-11-19S-29E 2310 FNL 990 FWL,,,,Single,No,02/01/1900,03/11/2021,99999,3001526234,32.6759529,-104.0509567,NAD83
"G and C Operating, LLC",Active,Injection,New,Vertical,No,State,State,D-11-19S-29E 990 FNL 990 FWL,,,,Single,No,11/22/1989,07/10/2025,99999,3001526235,32.6795807,-104.050972,NAD83
"HARVARD PETROLEUM COMPANY, LLC","Plugged, Site Released",Oil,New,Vertical,No,State,State,O-12-19S-27E 330 FSL 2310 FEL,,,,Single,No,,08/10/2006,99999,3001526237,32.6684341,-104.2310867,NAD83
PRE-ONGARD WELL OPERATOR,"Plugged, Site Released",Oil,New,,No,State,Federal,P-16-21S-25E 760 FSL 320 FEL,,,,,No,01/01/1900,,0,3001526251,32.4740295,-104.3926773,NAD83
"Permian Resources Operating, LLC",Active,Gas,New,Vertical,No,Federal,Federal,O-22-20S-28E 990 FSL 1980 FEL,3229,,,,No,02/19/1990,12/22/2023,11492,3001526253,32.5545349,-104.1634445,NAD83
"BTA OIL PRODUCERS, LLC",Active,Oil,New,Vertical,No,Private,Private,I-22-23S-28E 864 FSL 350 FEL,3022,,,Single,No,01/08/1990,02/01/2022,6300,3001526264,32.285862,-104.0677338,NAD83
EOG RESOURCES INC,"Plugged, Site Released",Oil,Plugback,Vertical,No,State,Federal,I-25-19S-24E 1980 FSL 660 FEL,3582,,,Single,No,02/27/1990,02/09/2023,8000,3001526265,32.6301346,-104.5350037,NAD83
COG OPERATING LLC,"Plugged, Site Released",Oil,New,Vertical,No,Federal,Federal,J-17-17S-31E 2310 FSL 1650 FEL,,,,Single,No,01/01/1991,08/30/2013,5560,3001526273,32.8336487,-103.8887405,NAD83
HARVEY E YATES CO,"Plugged, Site Released",Oil,New,,No,Federal,Federal,P-03-18S-31E 990 FSL 990 FEL,3752,,,Single,No,,03/04/2013,99999,3001526275,32.772049,-103.8520355,NAD83
CHEVRON U S A INC,"Plugged, Site Released",Oil,New,Vertical,No,Private,Private,D-23-23S-28E 540 FNL 611 FWL,,,,Single,No,03/15/1990,08/05/2020,6300,3001526294,32.2966347,-104.0645828,NAD83
"EOG Y RESOURCES, INC.","Plugged, Site Released",Gas,Plugback,Vertical,No,Federal,Private,F-15-20S-24E 1980 FNL 1980 FWL,,,,Single,No,,03/27/2007,9440,3001526310,32.575592,-104.578392,NAD83
Waylander LLC,Active,Oil,New,Vertical,No,Federal,Federal,G-35-26S-31E Lot: 2 400 FSL 1800 FEL,,,,Single,No,04/03/1990,06/05/2026,99999,3001526320,32.0013333854827,-103.746073848426,
SEP Legacy LLC,Active,Gas,New,Vertical,No,Federal,Federal,N-11-17S-29E 660 FSL 2080 FWL,,,,Single,No,01/09/1990,08/12/2020,10910,3001526359,32.8437119,-104.047287,NAD83
"PARRISH, H DWANE & RHONDA K","Plugged, Not Released",Oil,New,Vertical,No,State,State,E-12-19S-29E 1650 FNL 330 FWL,3388,,,,No,02/12/1981,06/09/2025,2620,3001526378,32.6777573,-104.0358505,NAD83
BROTHERS PROD CO INC,"Plugged, Site Released",Oil,New,Vertical,No,Federal,Federal,E-11-18S-31E 2310 FNL 600 FWL,3738,,,Single,No,,,99999,3001526379,32.7629776,-103.8468552,NAD83
EASTLAND OIL CO,Active,Oil,New,Vertical,No,Federal,Federal,M-31-19S-30E Lot: 4 810 FSL 660 FWL,,,,Single,No,06/28/1990,02/23/2021,99999,3001526403,32.6118889,-104.0177383,NAD83
"RILEY PERMIAN OPERATING COMPANY, LLC",Active,Salt Water Disposal,New,Vertical,No,Federal,Federal,A-12-18S-27E 660 FNL 990 FEL,3619,,,Single,No,06/28/1990,03/05/2026,10141,3001526404,32.7671509,-104.2267838,NAD83
"EOG Y RESOURCES, INC.",Cancelled Apd,Gas,New,,No,Federal,Federal,E-05-20S-24E 1980 FNL 660 FWL,3856,,,Single,No,,,99999,3001526435,32.60437,-104.61649,NAD83
"BTA OIL PRODUCERS, LLC",Active,Oil,New,Vertical,No,Private,Private,B-15-23S-28E 660 FNL 1980 FEL,3008,,,Single,No,09/27/1990,12/06/2017,99999,3001526447,32.3109131,-104.072937,NAD83
EOG RESOURCES INC,"Plugged, Site Released",Oil,Add a Zone,Vertical,No,Private,Federal,B-01-20S-24E Lot: 2 660 FNL 1980 FEL,3592,,,Single,No,11/25/1991,11/03/2023,8275,3001526454,32.6082878,-104.5392761,NAD83
"EOG Y RESOURCES, INC.","Plugged, Site Released",Oil,New,Vertical,No,Private,Private,M-12-20S-24E 660 FSL 725 FWL,3602,,,Single,No,07/21/1998,06/01/2016,9602,3001526466,32.5828438,-104.5478897,NAD83
EOG RESOURCES INC,"Plugged, Site Released",Oil,New,Vertical,No,Private,Private,A-14-20S-24E 660 FNL 660 FEL,3609,,,Single,No,10/26/1990,12/06/2023,9650,3001526468,32.5792274,-104.5523987,NAD83
"BTA OIL PRODUCERS, LLC",Active,Oil,New,Vertical,No,Private,Private,O-15-23S-28E 525 FSL 1980 FEL,3012,,,Single,No,10/07/1990,02/21/2023,6300,3001526486,32.2995377,-104.0729599,NAD83
SHACKELFORD OIL CO,"Plugged, Site Released",Oil,New,Vertical,No,Federal,Federal,N-11-19S-31E 660 FSL 2080 FWL,,,,Single,No,,04/20/2010,99999,3001526492,32.6695862,-103.8418732,NAD83
YATES ENERGY CORP,"Plugged, Site Released",Gas,New,Vertical,No,Federal,Private,K-27-23S-23E 2310 FSL 1650 FWL,4188,,,Single,No,10/24/1990,03/15/2017,10100,3001526501,32.2738991,-104.5913696,NAD83
PRE-ONGARD WELL OPERATOR,Cancelled Apd,Oil,New,,No,,Federal,D-06-20S-30E 330 FNL 330 FWL,,,,,No,,,0,3001526504,32.6087621015672,-104.018809835998,NAD83
"EOG Y RESOURCES, INC.","Plugged, Site Released",Oil,New,Vertical,No,Federal,Private,D-14-20S-24E 660 FSL 1980 FEL,3619,,,Single,No,,03/20/2007,99999,3001526517,32.5682182,-104.5567398,NAD83
PRE-ONGARD WELL OPERATOR,Cancelled Apd,Oil,New,,No,,Federal,L-12-18S-31E 1740 FSL 660 FWL,,,,,No,,,0,3001526532,32.7596297732013,-103.829468026232,NAD83
"HARVARD PETROLEUM COMPANY, LLC",Active,Oil,New,Vertical,No,State,State,B-24-19S-27E 330 FNL 1800 FEL,3511,,,Single,No,11/25/1990,11/01/2022,1950,3001526538,32.6521034,-104.2295532,NAD83
EOG RESOURCES INC,Active,Oil,New,Vertical,No,State,Federal,P-11-22S-31E 330 FSL 430 FEL,,,,Single,No,12/07/1990,09/15/2022,8425,3001526549,32.3996735,-103.7414551,NAD83
KAISER-FRANCIS OIL CO,"Plugged, Site Released",Oil,Plugback,Vertical,No,State,Private,J-36-23S-28E 1980 FSL 1980 FEL,2974,,,Single,No,01/01/1991,09/24/2024,12150,3001526564,32.2597618,-104.0387039,NAD83
"CHESAPEAKE OPERATING, INC.","Plugged, Site Released",Oil,New,Vertical,No,Federal,Federal,I-03-19S-30E 2310 FSL 480 FEL,,,,Single,No,,07/31/2009,3500,3001526565,32.6885109,-103.9528351,NAD83
PRE-ONGARD WELL OPERATOR,Cancelled Apd,Oil,New,,No,,Federal,L-08-23S-31E 660 FSL 250 FWL,,,,,No,,,0,3001526566,32.3135193167561,-103.807590551023,NAD83
"RILEY PERMIAN OPERATING COMPANY, LLC",Active,Oil,Plugback,Vertical,No,Federal,Private,M-17-19S-25E 780 FSL 730 FWL,3596,,,Single,No,01/12/1991,08/05/2024,8105,3001526570,32.6558685,-104.5131989,NAD83
"LH Operating, LLC",Active,Oil,New,Vertical,No,Federal,Federal,J-29-17S-31E 1335 FSL 1335 FEL,,,,Single,No,12/17/1990,06/09/2017,99999,3001526571,32.8019867,-103.8876038,NAD83
"DEVON ENERGY PRODUCTION COMPANY, LP","Plugged, Site Released",Oil,New,Vertical,No,Federal,Federal,J-09-21S-26E Lot: 4 1750 FSL 2080 FEL,,,,Single,No,,10/18/2001,4250,3001526588,32.4921684,-104.2961731,NAD83
EOG RESOURCES INC,"Plugged, Site Released",Oil,New,Vertical,No,State,State,F-16-23S-31E 2310 FNL 1650 FWL,3349,,,Single,No,01/02/1991,10/21/2020,8130,3001526591,32.305336,-103.7860031,NAD83
"LH Operating, LLC",Active,Oil,New,Vertical,No,Federal,Federal,N-20-17S-31E 1305 FSL 1350 FWL,,,,Single,No,12/30/1991,09/07/2021,99999,3001526596,32.8163872,-103.8961029,NAD83
"LH Operating, LLC",Active,Oil,New,Vertical,No,Federal,Federal,N-20-17S-31E 1140 FSL 2560 FWL,,,,Single,No,01/18/1991,04/19/2023,99999,3001526611,32.815937,-103.8921585,NAD83
"LH Operating, LLC",Active,Oil,New,Vertical,No,Federal,Federal,L-20-17S-31E 2610 FSL 1000 FWL,,,,Single,No,01/17/1991,06/12/2020,99999,3001526612,32.819973,-103.8972549,NAD83
"MAVERICK OPERATING, LLC",Active,Oil,New,Vertical,No,State,State,M-36-21S-30E 330 FSL 330 FWL,3249,,,Single,No,02/07/1991,08/01/2025,7625,3001526626,32.4293327,-103.841629,NAD83
OXY USA INC,"Plugged, Site Released",Oil,New,Vertical,No,Federal,Federal,F-10-23S-28E 2310 FNL 2260 FWL,,,,Single,No,03/23/1991,08/21/2024,99999,3001526649,32.3209839,-104.0763931,NAD83
PRE-ONGARD WELL OPERATOR,Cancelled Apd,Oil,New,,No,,Federal,K-12-18S-31E 2310 FSL 1980 FWL,,,,,No,,,0,3001526652,32.7612032117157,-103.825155365439,NAD83
BURLINGTON RESOURCES OIL & GAS CO,"Plugged, Site Released",Oil,New,Vertical,No,Federal,Federal,P-03-19S-30E 1140 FSL 330 FEL,3411,,,Single,No,05/03/1991,,3300,3001526653,32.6852913,-103.9523544,NAD83
MEWBOURNE OIL CO,Active,Oil,New,Vertical,No,State,State,L-02-18S-30E 1980 FSL 660 FWL,3518,,,Single,No,03/13/1991,07/27/2018,7235,3001526654,32.7746735,-103.9490662,NAD83
EOG RESOURCES INC,"Plugged, Site Released",Oil,New,Vertical,No,Federal,Federal,B-01-22S-31E Lot: 2 660 FNL 1980 FEL,,,,Single,No,04/02/1991,09/15/2022,8500,3001526698,32.4260063,-103.7293396,NAD83
"RUBICON OIL & GAS, LLC",Active,Oil,New,Vertical,No,Private,Private,P-21-23S-28E 330 FSL 330 FEL,3029,,,Single,No,04/25/1991,09/25/2025,6650,3001526714,32.2843513,-104.0848694,NAD83
EOG RESOURCES INC,Active,Oil,New,Vertical,No,State,State,K-36-21S-31E 1980 FSL 1980 FWL,,,,Single,No,11/19/1991,09/15/2022,8450,3001526715,32.4332657,-103.7336121,NAD83
PRE-ONGARD WELL OPERATOR,Cancelled Apd,Oil,New,,No,,Federal,P-07-17S-30E 330 FSL 990 FEL,,,,,No,,05/24/2012,0,3001526717,32.8427972218989,-104.006025554343,NAD83
PERMIAN CORP,"Plugged, Site Released",Brine,New,Vertical,No,Federal,Federal,B-33-21S-27E 2450 FSL 1650 FEL,3500,,,Single,No,,,600,3001526733,32.4358978,-104.1917038,NAD83
"EOG Y RESOURCES, INC.","Plugged, Site Released",Oil,New,Vertical,No,Federal,Federal,B-26-20S-24E 860 FNL 1980 FEL,3650,,,Single,No,02/02/1993,02/25/2022,8112,3001526736,32.5494728,-104.5568314,NAD83
PRE-ONGARD WELL OPERATOR,Cancelled Apd,Oil,New,,No,,Federal,D-14-19S-31E 330 FNL 990 FWL,,,,,No,,,0,3001526757,32.6668565330375,-103.845389315357,NAD83
CONOCOPHILLIPS COMPANY,Active,Injection,New,Vertical,No,State,State,P-02-22S-30E 1250 FSL 1150 FEL,,,,Single,No,09/28/1991,05/21/2026,7510,3001526761,32.4173279,-103.8466568,NAD83
"EOG Y RESOURCES, INC.",Cancelled Apd,Oil,New,,No,Private,Private,K-08-19S-25E 1650 FSL 1980 FWL,3557,,,Single,No,,,99999,3001526823,32.67255,-104.50866,NAD83
PRONGHORN MANAGEMENT CORP,"Plugged, Site Released",Oil,New,Vertical,No,State,State,M-17-19S-29E 330 FSL 330 FWL,3361,,,Single,No,,06/03/2010,2048,3001526837,32.6545219,-104.104538,NAD83
SEP Legacy LLC,Active,Oil,Deepen,Vertical,No,State,Private,J-21-17S-29E 2080 FSL 2615 FEL,3596,,,Single,No,09/22/1991,04/23/2026,4450,3001526838,32.8185196,-104.0797501,NAD83
PRE-ONGARD WELL OPERATOR,Cancelled Apd,Oil,New,,No,,Private,J-02-21S-28E 2541 FNL 1980 FEL,,,,,No,,,0,3001526853,32.5156501265173,-104.055317353738,NAD83
Extex Operating Company,Active,Oil,New,Vertical,No,State,State,E-01-22S-31E 1980 FNL 535 FWL,3558,,,Single,No,10/17/1991,09/15/2022,8409,3001526855,32.4223785,-103.7383041,NAD83
OXY USA INC,Active,Oil,New,Vertical,No,Federal,Federal,N-01-22S-31E 990 FSL 1880 FWL,,,,Single,No,03/11/1992,09/15/2022,99999,3001526910,32.4160233,-103.7339554,NAD83
PRE-ONGARD WELL OPERATOR,"Plugged, Site Released",Oil,New,,No,State,State,P-16-22S-28E 760 FSL 990 FEL,,,,,No,01/01/1900,,0,3001526911,32.3876305,-104.0872803,NAD83
"DEVON ENERGY PRODUCTION COMPANY, LP","Plugged, Site Released",Oil,New,Vertical,No,Federal,Federal,I-23-23S-31E 1800 FSL 900 FEL,3471,,,Single,No,02/11/1992,08/03/2020,8330,3001526928,32.2875786,-103.7429657,NAD83
"EOG Y RESOURCES, INC.","Plugged, Site Released",Injection,New,Vertical,No,Federal,Federal,A-19-19S-25E 860 FNL 860 FEL,,,,Single,No,,04/19/2012,99999,3001526937,32.6513672,-104.5183487,NAD83
"EOG Y RESOURCES, INC.","Plugged, Site Released",Oil,New,Vertical,No,Federal,Private,C-20-19S-25E 660 FNL 1980 FEL,,,,Single,No,,04/19/2012,8365,3001526938,32.6519089,-104.5047989,NAD83
"EOG Y RESOURCES, INC.","Plugged, Site Released",Gas,New,Vertical,No,Federal,Private,D-13-22S-23E 330 FNL 330 FWL,4029,,,Single,No,02/02/1995,03/28/2012,7800,3001526939,32.3971939,-104.5613937,NAD83
OXY USA INC,Active,Oil,New,Vertical,No,Federal,Federal,E-26-22S-31E 1980 FNL 330 FWL,,,,Single,No,03/29/1992,09/23/2024,99999,3001526940,32.3642349,-103.7561111,NAD83
EOG RESOURCES INC,"Plugged, Site Released",Oil,Plugback,Vertical,No,Federal,Private,F-20-19S-25E 1980 FNL 1980 FWL,3565,,,Single,No,03/16/2008,07/18/2018,9420,3001526945,32.6482811,-104.5091095,NAD83
EOG RESOURCES INC,"Plugged, Site Released",Oil,New,Vertical,No,Federal,Federal,A-11-22S-31E 660 FNL 330 FEL,,,,Single,No,03/09/1992,02/13/2017,8410,3001526960,32.4114952,-103.7411194,NAD83
"RILEY PERMIAN OPERATING COMPANY, LLC",Active,Oil,New,Vertical,No,Private,Private,G-08-19S-25E 1980 FNL 1980 FEL,3553,,,Single,No,04/15/1992,08/05/2024,8200,3001526978,32.6775208,-104.5048065,NAD83
"EOG Y RESOURCES, INC.","Plugged, Site Released",Oil,New,Vertical,No,Private,Private,L-25-20S-24E 1980 FSL 660 FWL,3614,,,Single,No,,04/03/2012,8170,3001526990,32.5426254,-104.5482864,NAD83
"XTO ENERGY, INC","Plugged, Site Released",Oil,New,Vertical,No,Federal,Federal,G-13-23S-29E 1750 FNL 1850 FEL,2998,,,Single,No,12/07/1992,11/10/2022,7198,3001526992,32.3075447,-103.9356689,NAD83
"EOG Y RESOURCES, INC.","Plugged, Site Released",Oil,New,Vertical,No,Federal,Federal,B-11-20S-24E 660 FNL 1980 FEL,,,,Single,No,,06/05/2007,99999,3001527014,32.593853,-104.5566559,NAD83
Extex Operating Company,Active,Oil,New,Vertical,No,Federal,Federal,D-10-18S-31E 990 FNL 660 FWL,3717,,,Single,No,11/08/1992,09/10/2020,4350,3001527025,32.7665977,-103.8638382,NAD83
"WPX Energy Permian, LLC","Plugged, Site Released",Oil,New,Vertical,No,Federal,Federal,I-35-22S-28E 1946 FSL 626 FEL,3107,,,Single,No,06/14/1992,02/23/2016,6360,3001527026,32.347332,-104.0515976,NAD83
EOG RESOURCES INC,"Plugged, Site Released",Oil,Plugback,Vertical,No,Private,Private,B-14-20S-24E 710 FNL 1980 FEL,3616,,,Single,No,01/04/1993,01/06/2021,8175,3001527027,32.5790901,-104.5566864,NAD83
"EOG Y RESOURCES, INC.","Plugged, Site Released",Gas,New,Vertical,No,Private,Private,E-17-18S-26E 2162 FNL 660 FWL,3404,,,,No,07/06/1992,12/11/2006,9050,3001527028,32.7492676,-104.4105759,NAD83
OXY USA WTP LIMITED PARTNERSHIP,"Plugged, Site Released",Oil,New,Vertical,No,Federal,Federal,E-34-21S-24E 1980 FNL 990 FWL,3763,,,Single,No,07/13/1992,05/15/2013,10034,3001527046,32.4379082,-104.4914093,NAD83
"EOG Y RESOURCES, INC.","Plugged, Site Released",Injection,New,,No,Federal,Private,H-19-19S-25E 1980 FNL 660 FEL,3582,,,Single,No,,04/19/2012,8275,3001527053,32.6482849,-104.5176926,NAD83
"BTA OIL PRODUCERS, LLC",Active,Oil,New,Vertical,No,Federal,Federal,P-03-23S-28E 990 FSL 660 FEL,,,,Single,No,09/15/1992,02/21/2022,6350,3001527083,32.3300705,-104.0686493,NAD83
CHEVRON U S A INC,"Plugged, Site Released",Oil,New,Vertical,No,Federal,Federal,E-24-22S-31E 1650 FNL 990 FWL,3545,,,Single,No,05/29/1996,09/28/2022,8550,3001527084,32.3796883,-103.7368698,NAD83
BILL TAYLOR,"Plugged, Site Released",Oil,New,Vertical,No,Federal,Federal,R-05-21S-27E Lot: 12 2310 FSL 1650 FEL,3294,,,Single,No,05/28/1993,06/09/2009,583,3001527085,32.5083046,-104.2086639,NAD83
"WPX Energy Permian, LLC",Active,Oil,New,Vertical,No,State,State,F-36-22S-28E 1980 FNL 1650 FWL,,,,Single,No,09/03/1992,01/15/2019,6390,3001527093,32.3510933,-104.0444183,NAD83
OXY USA INC,"Plugged, Not Released",Oil,New,Vertical,No,State,Federal,G-32-23S-31E 1980 FSL 1980 FEL,3365,,,Single,No,10/27/1992,03/31/2025,8050,3001527094,32.2590904,-103.7976837,NAD83
"HARVARD PETROLEUM COMPANY, LLC",Active,Oil,New,Vertical,No,Federal,Private,G-26-23S-31E 1650 FNL 2310 FEL,,,,Single,No,12/29/1992,11/16/2021,8340,3001527101,32.2780991,-103.7475204,NAD83
OXY USA INC,Active,Oil,New,Vertical,No,Federal,Federal,P-29-23S-31E 330 FSL 660 FEL,,,,Single,No,08/30/1992,12/29/2022,99999,3001527115,32.2690659,-103.7934265,NAD83
"EOG Y RESOURCES, INC.",Cancelled Apd,Oil,New,,No,Federal,Federal,E-26-20S-24E 1980 FNL 710 FWL,3676,,,Single,No,,03/30/2004,0,3001527121,32.5463990608218,-104.565255427217,NAD83
"EOG Y RESOURCES, INC.",Cancelled Apd,Oil,New,,No,Federal,Federal,D-23-20S-24E 1880 FSL 810 FWL,3669,,,Single,No,,11/19/2020,0,3001527122,32.5570091696298,-104.565010212233,NAD83
"EOG Y RESOURCES, INC.",Cancelled Apd,Oil,New,,No,Federal,Federal,M-23-20S-24E 660 FSL 660 FWL,3676,,,Single,No,,11/19/2020,0,3001527123,32.5536556076437,-104.565522774008,NAD83
"HARVARD PETROLEUM COMPANY, LLC",Active,Oil,New,Vertical,No,State,State,C-24-19S-27E 330 FNL 2310 FWL,,,,Single,No,09/18/1992,05/22/2023,99999,3001527124,32.6521606,-104.233284,NAD83
"WPX Energy Permian, LLC",Active,Oil,New,Vertical,No,Federal,Federal,B-27-26S-30E 850 FNL 1980 FEL,,,,Single,No,11/27/1992,08/04/2025,99999,3001527138,32.0183449,-103.8669281,NAD83
"WPX Energy Permian, LLC","Plugged, Site Released",Oil,New,Vertical,No,State,State,C-36-22S-28E 467 FNL 1650 FWL,,,,Single,No,10/13/1992,06/07/2021,6430,3001527143,32.3552513,-104.0446243,NAD83
OXY USA INC,Active,Oil,New,Vertical,No,Federal,Federal,L-24-23S-31E 2160 FSL 330 FWL,,,,Single,No,10/10/1992,08/04/2021,99999,3001527162,32.2885628,-103.7389832,NAD83
PRE-ONGARD WELL OPERATOR,Cancelled Apd,Oil,New,,No,,Federal,I-08-18S-31E 1650 FSL 990 FEL,,,,,No,,,0,3001527164,32.7593240319467,-103.886387650044,NAD83
"RUBICON OIL & GAS, LLC","Plugged, Site Released",Oil,New,Vertical,No,Private,Private,P-34-23S-28E 330 FSL 330 FEL,3020,,,,No,10/28/1992,06/02/2026,6475,3001527173,32.255188,-104.0676956,NAD83
PRE-ONGARD WELL OPERATOR,Cancelled Apd,Oil,New,,No,,State,O-02-23S-28E 660 FSL 1980 FEL,,,,,No,,03/07/2006,0,3001527183,32.3293499999999,-104.05562,NAD83
PRE-ONGARD WELL OPERATOR,Cancelled Apd,Oil,New,,No,,Private,L-26-23S-31E 1650 FSL 990 FWL,,,,,No,,,0,3001527209,32.2726817299714,-103.753900273697,NAD83
OXY USA INC,"Plugged, Site Released",Oil,New,Vertical,No,Federal,Federal,N-28-23S-31E 330 FSL 1650 FWL,3367,,,Single,No,02/10/1993,11/02/2021,8130,3001527219,32.269062,-103.7859573,NAD83
"BXP Operating, LLC",Active,Oil,New,Vertical,No,Federal,Federal,M-03-20S-28E 990 FSL 660 FWL,3277,,,Single,No,12/18/1992,09/24/2020,6520,3001527222,32.5981827,-104.1715393,NAD83
OXY USA INC,"Plugged, Site Released",Oil,New,Vertical,No,Federal,Federal,C-08-24S-31E 330 FNL 1650 FWL,3474,,,Single,No,03/02/1994,01/25/2018,8208,3001527228,32.2382126,-103.8030472,NAD83
OXY USA INC,"Plugged, Site Released",Oil,New,Vertical,No,Federal,Federal,M-21-23S-31E 660 FSL 330 FWL,,,,Single,No,01/12/1993,11/16/2021,99999,3001527243,32.284481,-103.7902451,NAD83
EOG RESOURCES INC,"Plugged, Site Released",Oil,New,Vertical,No,Federal,Federal,O-03-24S-31E 990 FSL 2310 FEL,3465,,,Single,No,04/12/1995,01/23/2018,8322,3001527277,32.2418518,-103.7646103,NAD83
STEPHENS & JOHNSON OP CO,Active,Oil,New,Vertical,No,State,State,F-14-19S-28E 2608 FNL 1354 FWL,,,,Single,No,02/07/1993,01/21/2021,99999,3001527298,32.6609039,-104.1513748,NAD83
STEPHENS & JOHNSON OP CO,"Plugged, Site Released",Oil,New,Vertical,No,State,State,O-11-19S-28E 1265 FSL 1330 FEL,3420,,,Single,No,,10/11/2011,2350,3001527307,32.6715965,-104.1432037,NAD83
"RILEY PERMIAN OPERATING COMPANY, LLC",Active,Oil,New,Vertical,No,Private,State,M-16-19S-25E 760 FSL 660 FWL,3500,,,Single,No,05/25/1993,08/06/2024,8365,3001527314,32.6558075,-104.4962234,NAD83
MEWBOURNE OIL CO,Active,Gas,New,Vertical,No,Federal,Federal,F-09-21S-24E 1604 FNL 1912 FWL,4137,,,Single,No,03/17/1993,07/09/2025,10200,3001527326,32.4972343,-104.5064087,NAD83
STEPHENS & JOHNSON OP CO,Active,Oil,New,Vertical,No,State,State,B-22-19S-28E 10 FNL 1310 FEL,3423,,,Single,No,06/14/1993,12/14/2021,2900,3001527348,32.6534882,-104.1600647,NAD83
OXY USA INC,Active,Oil,New,Vertical,No,Federal,Federal,M-24-23S-31E 492 FSL 330 FWL,3496,,,Single,No,06/01/1993,02/10/2026,8415,3001527391,32.2839775,-103.7389832,NAD83
SOUTHWEST ROYALTIES INC,Active,Salt Water Disposal,New,Vertical,No,State,State,L-36-25S-29E 2310 FSL 330 FWL,3038,,,Single,No,04/30/1993,10/02/2025,5971,3001527398,32.0852699,-103.9453964,NAD83
"EOG Y RESOURCES, INC.",Cancelled Apd,Oil,New,,No,Federal,Federal,M-24-24S-31E 999 FSL 660 FWL,3554,,,,No,,,0,3001527403,32.1973744861548,-103.737913087989,NAD83
OXY USA INC,"Plugged, Site Released",Oil,New,Vertical,No,Federal,Federal,F-24-23S-31E 2080 FNL 1750 FWL,3511,,,Single,No,05/16/1994,05/28/2021,8454,3001527423,32.2913933,-103.7343903,NAD83
PRE-ONGARD WELL OPERATOR,Cancelled Apd,Oil,New,,No,,State,A-36-26S-30E 660 FNL 660 FEL,,,,,No,,,0,3001527452,32.0041782424302,-103.828320741955,NAD83
"BXP Operating, LLC",Active,Injection,New,Vertical,No,Federal,Federal,J-35-19S-29E 2635 FSL 2640 FEL,3311,,,,No,06/06/1993,12/29/2025,4750,3001527464,32.6170578,-104.0456009,NAD83
OXY USA INC,"Plugged, Site Released",Oil,New,Vertical,No,Federal,Federal,B-34-23S-31E 330 FNL 1980 FEL,3431,,,Single,No,11/26/1993,12/28/2022,8340,3001527498,32.2672386,-103.7635193,NAD83
"BAM Permian Operating, LLC",Active,Gas,Plugback,Vertical,No,Federal,Federal,N-25-19S-24E 660 FSL 1980 FWL,3605,,,Single,No,07/03/1993,08/06/2024,8070,3001527506,32.6265106,-104.5436325,NAD83
"XTO ENERGY, INC","Plugged, Not Released",Oil,New,Vertical,No,State,State,A-13-23S-29E 660 FNL 500 FEL,3004,,,Single,No,07/03/1993,07/08/2025,7280,3001527510,32.3105164,-103.9312973,NAD83
"BOPCO, L.P.","Plugged, Site Released",Oil,New,Vertical,No,Federal,Federal,J-03-22S-28E 1880 FSL 2080 FEL,3147,,,Single,No,08/31/1993,02/22/2017,3820,3001527528,32.4199486,-104.0732498,NAD83
PRE-ONGARD WELL OPERATOR,Cancelled Apd,Oil,New,,No,,Private,G-33-24S-28E 1980 FNL 1730 FEL,,,,,No,,,0,3001527544,32.1758472239533,-104.08942152644,NAD83
OXY USA INC,"Plugged, Site Released",Oil,New,Vertical,No,Federal,Federal,G-35-23S-31E 2310 FNL 1980 FEL,3482,,,Single,No,07/16/1993,10/31/2022,8350,3001527549,32.2617836,-103.7464447,NAD83
CHEVRON U S A INC,Active,Oil,New,Vertical,No,Federal,Federal,K-01-23S-28E 2310 FSL 1800 FWL,3040,,,Single,No,05/26/1994,02/17/2022,6350,3001527570,32.3338165,-104.0434418,NAD83
CHEVRON U S A INC,"Plugged, Site Released",Oil,New,Vertical,No,Federal,Federal,J-01-23S-28E 2310 FSL 2160 FEL,3052,,,Single,No,04/23/1995,02/16/2018,6390,3001527571,32.333828,-104.0390015,NAD83
"MERIT ENERGY COMPANY, LLC",Cancelled Apd,Oil,New,,No,Federal,Federal,O-05-24S-31E 660 FSL 1980 FEL,3444,,,,No,,,0,3001527582,32.2409249199142,-103.797731569636,NAD83
"HARVARD PETROLEUM COMPANY, LLC",Active,Oil,Plugback,Vertical,No,Federal,Federal,P-24-22S-30E 1200 FSL 330 FEL,3407,,,Single,No,07/31/1993,11/10/2021,14525,3001527587,32.3736038,-103.8266602,NAD83
